chainId,variant,allowanceHolderAddress,allowanceHolderSalt,allowanceHolderSaltText,allowanceHolderInitcodeHash,allowanceHolderRuntimeBytecodeHash,openRouterAddress,openRouterSalt,openRouterSaltText,openRouterInitcodeHash,openRouterRuntimeBytecodeHash,bungeeReceiverAddress,bungeeReceiverSalt,bungeeReceiverSaltText,bungeeReceiverInitcodeHash,bungeeReceiverRuntimeBytecodeHash,calldataExecutorAddress,calldataExecutorSalt,calldataExecutorSaltText,calldataExecutorInitcodeHash,calldataExecutorRuntimeBytecodeHash
1,cancun,0x50c4E75a512F2A14A7b304787Adf79C4531A5909,0xa450483209637d11f92238066a6b1f405ae093536f02dda3b90a36d36f180570,AllowanceHolder50c4e7:5981577,0xe0afa70daed24ec949499638683365cbe4cbf097a1c8417a730e4b497cfb4610,0x0be5794255d21df0f4a10a516428f8d06805779d69b1714297bebcc18971e0b4,0x50cFe7c1938dB66A1a6D2e86D36F39FBef3d5c4a,0x4c57cf418d2865efb93a3c31021f230798eaca0458d188fbb593e329718139ab,OpenRouter50cfe7:4030514,0x0e5ff42eb7810767de756c833a042818f95052b885634a3dc3adb679a4652f48,0xd1dbc2c8ca87939cadf58e4eb91832cbe44bd5d12e3a0a0d56c76928a818e26b,0x8A774c1B73998A54ff09341f3cfF8A0010BbA7f1,0xeb8d08957ffb6da6c84ab1f89e95f4e08331fa81834e21d00754af20ec74d453,BungeeReceiver,0x1e4cf28950cc422f6b2112db77b8c0b0025c176291f984166889b8157de9dfe6,0x3e3fdfa261d7f00f53c22b4ba051f0da1903402669591bcef63d51ebe3085108,0xC914815120FA5A7e05748398C9fDf1d1b2729008,0x7c3bbaa3e26afa737955bd8665389dae8745dd537430122c9545abb09f85e34b,CalldataExecutor,0x2ac2791e955dbd2e9787486e2a4a9ba669d27cb1b642ade54a1221a5ccd53b64,0x037de760dbd500210ed5c68706a16171ec415563c6136e52d6a9930a5f53e32a
10,cancun,0x50c4E75a512F2A14A7b304787Adf79C4531A5909,0xa450483209637d11f92238066a6b1f405ae093536f02dda3b90a36d36f180570,AllowanceHolder50c4e7:5981577,0xe0afa70daed24ec949499638683365cbe4cbf097a1c8417a730e4b497cfb4610,0x0be5794255d21df0f4a10a516428f8d06805779d69b1714297bebcc18971e0b4,0x50cFe7c1938dB66A1a6D2e86D36F39FBef3d5c4a,0x4c57cf418d2865efb93a3c31021f230798eaca0458d188fbb593e329718139ab,OpenRouter50cfe7:4030514,0x0e5ff42eb7810767de756c833a042818f95052b885634a3dc3adb679a4652f48,0xd1dbc2c8ca87939cadf58e4eb91832cbe44bd5d12e3a0a0d56c76928a818e26b,0x8A774c1B73998A54ff09341f3cfF8A0010BbA7f1,0xeb8d08957ffb6da6c84ab1f89e95f4e08331fa81834e21d00754af20ec74d453,BungeeReceiver,,0x3e3fdfa261d7f00f53c22b4ba051f0da1903402669591bcef63d51ebe3085108,0xC914815120FA5A7e05748398C9fDf1d1b2729008,0x7c3bbaa3e26afa737955bd8665389dae8745dd537430122c9545abb09f85e34b,CalldataExecutor,0x2ac2791e955dbd2e9787486e2a4a9ba669d27cb1b642ade54a1221a5ccd53b64,0x037de760dbd500210ed5c68706a16171ec415563c6136e52d6a9930a5f53e32a
56,cancun,0x50c4E75a512F2A14A7b304787Adf79C4531A5909,0xa450483209637d11f92238066a6b1f405ae093536f02dda3b90a36d36f180570,AllowanceHolder50c4e7:5981577,0xe0afa70daed24ec949499638683365cbe4cbf097a1c8417a730e4b497cfb4610,0x0be5794255d21df0f4a10a516428f8d06805779d69b1714297bebcc18971e0b4,0x50cFe7c1938dB66A1a6D2e86D36F39FBef3d5c4a,0x4c57cf418d2865efb93a3c31021f230798eaca0458d188fbb593e329718139ab,OpenRouter50cfe7:4030514,0x0e5ff42eb7810767de756c833a042818f95052b885634a3dc3adb679a4652f48,0xd1dbc2c8ca87939cadf58e4eb91832cbe44bd5d12e3a0a0d56c76928a818e26b,0x8A774c1B73998A54ff09341f3cfF8A0010BbA7f1,0xeb8d08957ffb6da6c84ab1f89e95f4e08331fa81834e21d00754af20ec74d453,BungeeReceiver,0x1e4cf28950cc422f6b2112db77b8c0b0025c176291f984166889b8157de9dfe6,0x3e3fdfa261d7f00f53c22b4ba051f0da1903402669591bcef63d51ebe3085108,0xC914815120FA5A7e05748398C9fDf1d1b2729008,0x7c3bbaa3e26afa737955bd8665389dae8745dd537430122c9545abb09f85e34b,CalldataExecutor,0x2ac2791e955dbd2e9787486e2a4a9ba669d27cb1b642ade54a1221a5ccd53b64,0x037de760dbd500210ed5c68706a16171ec415563c6136e52d6a9930a5f53e32a
100,cancun,0x50c4E75a512F2A14A7b304787Adf79C4531A5909,0xa450483209637d11f92238066a6b1f405ae093536f02dda3b90a36d36f180570,AllowanceHolder50c4e7:5981577,0xe0afa70daed24ec949499638683365cbe4cbf097a1c8417a730e4b497cfb4610,0x0be5794255d21df0f4a10a516428f8d06805779d69b1714297bebcc18971e0b4,0x50cFe7c1938dB66A1a6D2e86D36F39FBef3d5c4a,0x4c57cf418d2865efb93a3c31021f230798eaca0458d188fbb593e329718139ab,OpenRouter50cfe7:4030514,0x0e5ff42eb7810767de756c833a042818f95052b885634a3dc3adb679a4652f48,0xd1dbc2c8ca87939cadf58e4eb91832cbe44bd5d12e3a0a0d56c76928a818e26b,0x8A774c1B73998A54ff09341f3cfF8A0010BbA7f1,0xeb8d08957ffb6da6c84ab1f89e95f4e08331fa81834e21d00754af20ec74d453,BungeeReceiver,0x1e4cf28950cc422f6b2112db77b8c0b0025c176291f984166889b8157de9dfe6,0x3e3fdfa261d7f00f53c22b4ba051f0da1903402669591bcef63d51ebe3085108,0xC914815120FA5A7e05748398C9fDf1d1b2729008,0x7c3bbaa3e26afa737955bd8665389dae8745dd537430122c9545abb09f85e34b,CalldataExecutor,0x2ac2791e955dbd2e9787486e2a4a9ba669d27cb1b642ade54a1221a5ccd53b64,0x037de760dbd500210ed5c68706a16171ec415563c6136e52d6a9930a5f53e32a
130,cancun,0x50c4E75a512F2A14A7b304787Adf79C4531A5909,0xa450483209637d11f92238066a6b1f405ae093536f02dda3b90a36d36f180570,AllowanceHolder50c4e7:5981577,0xe0afa70daed24ec949499638683365cbe4cbf097a1c8417a730e4b497cfb4610,0x0be5794255d21df0f4a10a516428f8d06805779d69b1714297bebcc18971e0b4,0x50cFe7c1938dB66A1a6D2e86D36F39FBef3d5c4a,0x4c57cf418d2865efb93a3c31021f230798eaca0458d188fbb593e329718139ab,OpenRouter50cfe7:4030514,0x0e5ff42eb7810767de756c833a042818f95052b885634a3dc3adb679a4652f48,0xd1dbc2c8ca87939cadf58e4eb91832cbe44bd5d12e3a0a0d56c76928a818e26b,0x8A774c1B73998A54ff09341f3cfF8A0010BbA7f1,0xeb8d08957ffb6da6c84ab1f89e95f4e08331fa81834e21d00754af20ec74d453,BungeeReceiver,0x1e4cf28950cc422f6b2112db77b8c0b0025c176291f984166889b8157de9dfe6,0x3e3fdfa261d7f00f53c22b4ba051f0da1903402669591bcef63d51ebe3085108,0xC914815120FA5A7e05748398C9fDf1d1b2729008,0x7c3bbaa3e26afa737955bd8665389dae8745dd537430122c9545abb09f85e34b,CalldataExecutor,,0x037de760dbd500210ed5c68706a16171ec415563c6136e52d6a9930a5f53e32a
137,cancun,0x50c4E75a512F2A14A7b304787Adf79C4531A5909,0xa450483209637d11f92238066a6b1f405ae093536f02dda3b90a36d36f180570,AllowanceHolder50c4e7:5981577,0xe0afa70daed24ec949499638683365cbe4cbf097a1c8417a730e4b497cfb4610,0x0be5794255d21df0f4a10a516428f8d06805779d69b1714297bebcc18971e0b4,0x50cFe7c1938dB66A1a6D2e86D36F39FBef3d5c4a,0x4c57cf418d2865efb93a3c31021f230798eaca0458d188fbb593e329718139ab,OpenRouter50cfe7:4030514,0x0e5ff42eb7810767de756c833a042818f95052b885634a3dc3adb679a4652f48,0xd1dbc2c8ca87939cadf58e4eb91832cbe44bd5d12e3a0a0d56c76928a818e26b,0x8A774c1B73998A54ff09341f3cfF8A0010BbA7f1,0xeb8d08957ffb6da6c84ab1f89e95f4e08331fa81834e21d00754af20ec74d453,BungeeReceiver,0x1e4cf28950cc422f6b2112db77b8c0b0025c176291f984166889b8157de9dfe6,0x3e3fdfa261d7f00f53c22b4ba051f0da1903402669591bcef63d51ebe3085108,0xC914815120FA5A7e05748398C9fDf1d1b2729008,0x7c3bbaa3e26afa737955bd8665389dae8745dd537430122c9545abb09f85e34b,CalldataExecutor,0x2ac2791e955dbd2e9787486e2a4a9ba669d27cb1b642ade54a1221a5ccd53b64,0x037de760dbd500210ed5c68706a16171ec415563c6136e52d6a9930a5f53e32a
143,cancun,0x50c4E75a512F2A14A7b304787Adf79C4531A5909,0xa450483209637d11f92238066a6b1f405ae093536f02dda3b90a36d36f180570,AllowanceHolder50c4e7:5981577,0xe0afa70daed24ec949499638683365cbe4cbf097a1c8417a730e4b497cfb4610,0x0be5794255d21df0f4a10a516428f8d06805779d69b1714297bebcc18971e0b4,0x50cFe7c1938dB66A1a6D2e86D36F39FBef3d5c4a,0x4c57cf418d2865efb93a3c31021f230798eaca0458d188fbb593e329718139ab,OpenRouter50cfe7:4030514,0x0e5ff42eb7810767de756c833a042818f95052b885634a3dc3adb679a4652f48,0xd1dbc2c8ca87939cadf58e4eb91832cbe44bd5d12e3a0a0d56c76928a818e26b,0x8A774c1B73998A54ff09341f3cfF8A0010BbA7f1,0xeb8d08957ffb6da6c84ab1f89e95f4e08331fa81834e21d00754af20ec74d453,BungeeReceiver,0x1e4cf28950cc422f6b2112db77b8c0b0025c176291f984166889b8157de9dfe6,0x3e3fdfa261d7f00f53c22b4ba051f0da1903402669591bcef63d51ebe3085108,0xC914815120FA5A7e05748398C9fDf1d1b2729008,0x7c3bbaa3e26afa737955bd8665389dae8745dd537430122c9545abb09f85e34b,CalldataExecutor,0x2ac2791e955dbd2e9787486e2a4a9ba669d27cb1b642ade54a1221a5ccd53b64,0x037de760dbd500210ed5c68706a16171ec415563c6136e52d6a9930a5f53e32a
146,cancun,0x50c4E75a512F2A14A7b304787Adf79C4531A5909,0xa450483209637d11f92238066a6b1f405ae093536f02dda3b90a36d36f180570,AllowanceHolder50c4e7:5981577,0xe0afa70daed24ec949499638683365cbe4cbf097a1c8417a730e4b497cfb4610,0x0be5794255d21df0f4a10a516428f8d06805779d69b1714297bebcc18971e0b4,0x50cFe7c1938dB66A1a6D2e86D36F39FBef3d5c4a,0x4c57cf418d2865efb93a3c31021f230798eaca0458d188fbb593e329718139ab,OpenRouter50cfe7:4030514,0x0e5ff42eb7810767de756c833a042818f95052b885634a3dc3adb679a4652f48,0xd1dbc2c8ca87939cadf58e4eb91832cbe44bd5d12e3a0a0d56c76928a818e26b,0x8A774c1B73998A54ff09341f3cfF8A0010BbA7f1,0xeb8d08957ffb6da6c84ab1f89e95f4e08331fa81834e21d00754af20ec74d453,BungeeReceiver,0x1e4cf28950cc422f6b2112db77b8c0b0025c176291f984166889b8157de9dfe6,0x3e3fdfa261d7f00f53c22b4ba051f0da1903402669591bcef63d51ebe3085108,0xC914815120FA5A7e05748398C9fDf1d1b2729008,0x7c3bbaa3e26afa737955bd8665389dae8745dd537430122c9545abb09f85e34b,CalldataExecutor,0x2ac2791e955dbd2e9787486e2a4a9ba669d27cb1b642ade54a1221a5ccd53b64,0x037de760dbd500210ed5c68706a16171ec415563c6136e52d6a9930a5f53e32a
480,cancun,0x50c4E75a512F2A14A7b304787Adf79C4531A5909,0xa450483209637d11f92238066a6b1f405ae093536f02dda3b90a36d36f180570,AllowanceHolder50c4e7:5981577,0xe0afa70daed24ec949499638683365cbe4cbf097a1c8417a730e4b497cfb4610,0x0be5794255d21df0f4a10a516428f8d06805779d69b1714297bebcc18971e0b4,0x50cFe7c1938dB66A1a6D2e86D36F39FBef3d5c4a,0x4c57cf418d2865efb93a3c31021f230798eaca0458d188fbb593e329718139ab,OpenRouter50cfe7:4030514,0x0e5ff42eb7810767de756c833a042818f95052b885634a3dc3adb679a4652f48,0xd1dbc2c8ca87939cadf58e4eb91832cbe44bd5d12e3a0a0d56c76928a818e26b,0x8A774c1B73998A54ff09341f3cfF8A0010BbA7f1,0xeb8d08957ffb6da6c84ab1f89e95f4e08331fa81834e21d00754af20ec74d453,BungeeReceiver,0x1e4cf28950cc422f6b2112db77b8c0b0025c176291f984166889b8157de9dfe6,0x3e3fdfa261d7f00f53c22b4ba051f0da1903402669591bcef63d51ebe3085108,0xC914815120FA5A7e05748398C9fDf1d1b2729008,0x7c3bbaa3e26afa737955bd8665389dae8745dd537430122c9545abb09f85e34b,CalldataExecutor,0x2ac2791e955dbd2e9787486e2a4a9ba669d27cb1b642ade54a1221a5ccd53b64,0x037de760dbd500210ed5c68706a16171ec415563c6136e52d6a9930a5f53e32a
999,cancun,0x50c4E75a512F2A14A7b304787Adf79C4531A5909,0xa450483209637d11f92238066a6b1f405ae093536f02dda3b90a36d36f180570,AllowanceHolder50c4e7:5981577,0xe0afa70daed24ec949499638683365cbe4cbf097a1c8417a730e4b497cfb4610,0x0be5794255d21df0f4a10a516428f8d06805779d69b1714297bebcc18971e0b4,0x50cFe7c1938dB66A1a6D2e86D36F39FBef3d5c4a,0x4c57cf418d2865efb93a3c31021f230798eaca0458d188fbb593e329718139ab,OpenRouter50cfe7:4030514,0x0e5ff42eb7810767de756c833a042818f95052b885634a3dc3adb679a4652f48,0xd1dbc2c8ca87939cadf58e4eb91832cbe44bd5d12e3a0a0d56c76928a818e26b,0x8A774c1B73998A54ff09341f3cfF8A0010BbA7f1,0xeb8d08957ffb6da6c84ab1f89e95f4e08331fa81834e21d00754af20ec74d453,BungeeReceiver,0x1e4cf28950cc422f6b2112db77b8c0b0025c176291f984166889b8157de9dfe6,0x3e3fdfa261d7f00f53c22b4ba051f0da1903402669591bcef63d51ebe3085108,0xC914815120FA5A7e05748398C9fDf1d1b2729008,0x7c3bbaa3e26afa737955bd8665389dae8745dd537430122c9545abb09f85e34b,CalldataExecutor,0x2ac2791e955dbd2e9787486e2a4a9ba669d27cb1b642ade54a1221a5ccd53b64,0x037de760dbd500210ed5c68706a16171ec415563c6136e52d6a9930a5f53e32a
1329,cancun,0x50c4E75a512F2A14A7b304787Adf79C4531A5909,0xa450483209637d11f92238066a6b1f405ae093536f02dda3b90a36d36f180570,AllowanceHolder50c4e7:5981577,0xe0afa70daed24ec949499638683365cbe4cbf097a1c8417a730e4b497cfb4610,0x0be5794255d21df0f4a10a516428f8d06805779d69b1714297bebcc18971e0b4,0x50cFe7c1938dB66A1a6D2e86D36F39FBef3d5c4a,0x4c57cf418d2865efb93a3c31021f230798eaca0458d188fbb593e329718139ab,OpenRouter50cfe7:4030514,0x0e5ff42eb7810767de756c833a042818f95052b885634a3dc3adb679a4652f48,0xd1dbc2c8ca87939cadf58e4eb91832cbe44bd5d12e3a0a0d56c76928a818e26b,0x8A774c1B73998A54ff09341f3cfF8A0010BbA7f1,0xeb8d08957ffb6da6c84ab1f89e95f4e08331fa81834e21d00754af20ec74d453,BungeeReceiver,0x1e4cf28950cc422f6b2112db77b8c0b0025c176291f984166889b8157de9dfe6,0x3e3fdfa261d7f00f53c22b4ba051f0da1903402669591bcef63d51ebe3085108,0xC914815120FA5A7e05748398C9fDf1d1b2729008,0x7c3bbaa3e26afa737955bd8665389dae8745dd537430122c9545abb09f85e34b,CalldataExecutor,0x2ac2791e955dbd2e9787486e2a4a9ba669d27cb1b642ade54a1221a5ccd53b64,0x037de760dbd500210ed5c68706a16171ec415563c6136e52d6a9930a5f53e32a
1868,cancun,0x50c4E75a512F2A14A7b304787Adf79C4531A5909,0xa450483209637d11f92238066a6b1f405ae093536f02dda3b90a36d36f180570,AllowanceHolder50c4e7:5981577,0xe0afa70daed24ec949499638683365cbe4cbf097a1c8417a730e4b497cfb4610,0x0be5794255d21df0f4a10a516428f8d06805779d69b1714297bebcc18971e0b4,0x50cFe7c1938dB66A1a6D2e86D36F39FBef3d5c4a,0x4c57cf418d2865efb93a3c31021f230798eaca0458d188fbb593e329718139ab,OpenRouter50cfe7:4030514,0x0e5ff42eb7810767de756c833a042818f95052b885634a3dc3adb679a4652f48,0xd1dbc2c8ca87939cadf58e4eb91832cbe44bd5d12e3a0a0d56c76928a818e26b,0x8A774c1B73998A54ff09341f3cfF8A0010BbA7f1,0xeb8d08957ffb6da6c84ab1f89e95f4e08331fa81834e21d00754af20ec74d453,BungeeReceiver,0x1e4cf28950cc422f6b2112db77b8c0b0025c176291f984166889b8157de9dfe6,0x3e3fdfa261d7f00f53c22b4ba051f0da1903402669591bcef63d51ebe3085108,0xC914815120FA5A7e05748398C9fDf1d1b2729008,0x7c3bbaa3e26afa737955bd8665389dae8745dd537430122c9545abb09f85e34b,CalldataExecutor,0x2ac2791e955dbd2e9787486e2a4a9ba669d27cb1b642ade54a1221a5ccd53b64,0x037de760dbd500210ed5c68706a16171ec415563c6136e52d6a9930a5f53e32a
4217,cancun,0x50c4E75a512F2A14A7b304787Adf79C4531A5909,0xa450483209637d11f92238066a6b1f405ae093536f02dda3b90a36d36f180570,AllowanceHolder50c4e7:5981577,0xe0afa70daed24ec949499638683365cbe4cbf097a1c8417a730e4b497cfb4610,0x0be5794255d21df0f4a10a516428f8d06805779d69b1714297bebcc18971e0b4,,,,,,,,,,,,,,,
4326,cancun,0x50c4E75a512F2A14A7b304787Adf79C4531A5909,0xa450483209637d11f92238066a6b1f405ae093536f02dda3b90a36d36f180570,AllowanceHolder50c4e7:5981577,0xe0afa70daed24ec949499638683365cbe4cbf097a1c8417a730e4b497cfb4610,0x0be5794255d21df0f4a10a516428f8d06805779d69b1714297bebcc18971e0b4,0x50cFe7c1938dB66A1a6D2e86D36F39FBef3d5c4a,0x4c57cf418d2865efb93a3c31021f230798eaca0458d188fbb593e329718139ab,OpenRouter50cfe7:4030514,0x0e5ff42eb7810767de756c833a042818f95052b885634a3dc3adb679a4652f48,0xd1dbc2c8ca87939cadf58e4eb91832cbe44bd5d12e3a0a0d56c76928a818e26b,0x8A774c1B73998A54ff09341f3cfF8A0010BbA7f1,0xeb8d08957ffb6da6c84ab1f89e95f4e08331fa81834e21d00754af20ec74d453,BungeeReceiver,0x1e4cf28950cc422f6b2112db77b8c0b0025c176291f984166889b8157de9dfe6,0x3e3fdfa261d7f00f53c22b4ba051f0da1903402669591bcef63d51ebe3085108,0xC914815120FA5A7e05748398C9fDf1d1b2729008,0x7c3bbaa3e26afa737955bd8665389dae8745dd537430122c9545abb09f85e34b,CalldataExecutor,0x2ac2791e955dbd2e9787486e2a4a9ba669d27cb1b642ade54a1221a5ccd53b64,0x037de760dbd500210ed5c68706a16171ec415563c6136e52d6a9930a5f53e32a
5000,cancun,0x50c4E75a512F2A14A7b304787Adf79C4531A5909,0xa450483209637d11f92238066a6b1f405ae093536f02dda3b90a36d36f180570,AllowanceHolder50c4e7:5981577,0xe0afa70daed24ec949499638683365cbe4cbf097a1c8417a730e4b497cfb4610,0x0be5794255d21df0f4a10a516428f8d06805779d69b1714297bebcc18971e0b4,0x50cFe7c1938dB66A1a6D2e86D36F39FBef3d5c4a,0x4c57cf418d2865efb93a3c31021f230798eaca0458d188fbb593e329718139ab,OpenRouter50cfe7:4030514,0x0e5ff42eb7810767de756c833a042818f95052b885634a3dc3adb679a4652f48,0xd1dbc2c8ca87939cadf58e4eb91832cbe44bd5d12e3a0a0d56c76928a818e26b,0x8A774c1B73998A54ff09341f3cfF8A0010BbA7f1,0xeb8d08957ffb6da6c84ab1f89e95f4e08331fa81834e21d00754af20ec74d453,BungeeReceiver,0x1e4cf28950cc422f6b2112db77b8c0b0025c176291f984166889b8157de9dfe6,0x3e3fdfa261d7f00f53c22b4ba051f0da1903402669591bcef63d51ebe3085108,0xC914815120FA5A7e05748398C9fDf1d1b2729008,0x7c3bbaa3e26afa737955bd8665389dae8745dd537430122c9545abb09f85e34b,CalldataExecutor,0x2ac2791e955dbd2e9787486e2a4a9ba669d27cb1b642ade54a1221a5ccd53b64,0x037de760dbd500210ed5c68706a16171ec415563c6136e52d6a9930a5f53e32a
5042,cancun,0x50c4E75a512F2A14A7b304787Adf79C4531A5909,0xa450483209637d11f92238066a6b1f405ae093536f02dda3b90a36d36f180570,AllowanceHolder50c4e7:5981577,0xe0afa70daed24ec949499638683365cbe4cbf097a1c8417a730e4b497cfb4610,0x0be5794255d21df0f4a10a516428f8d06805779d69b1714297bebcc18971e0b4,0x50cFe7c1938dB66A1a6D2e86D36F39FBef3d5c4a,0x4c57cf418d2865efb93a3c31021f230798eaca0458d188fbb593e329718139ab,OpenRouter50cfe7:4030514,0x0e5ff42eb7810767de756c833a042818f95052b885634a3dc3adb679a4652f48,0xd1dbc2c8ca87939cadf58e4eb91832cbe44bd5d12e3a0a0d56c76928a818e26b,0x8A774c1B73998A54ff09341f3cfF8A0010BbA7f1,0xeb8d08957ffb6da6c84ab1f89e95f4e08331fa81834e21d00754af20ec74d453,BungeeReceiver,0x1e4cf28950cc422f6b2112db77b8c0b0025c176291f984166889b8157de9dfe6,0x3e3fdfa261d7f00f53c22b4ba051f0da1903402669591bcef63d51ebe3085108,0xC914815120FA5A7e05748398C9fDf1d1b2729008,0x7c3bbaa3e26afa737955bd8665389dae8745dd537430122c9545abb09f85e34b,CalldataExecutor,0x2ac2791e955dbd2e9787486e2a4a9ba669d27cb1b642ade54a1221a5ccd53b64,0x037de760dbd500210ed5c68706a16171ec415563c6136e52d6a9930a5f53e32a
8453,cancun,0x50c4E75a512F2A14A7b304787Adf79C4531A5909,0xa450483209637d11f92238066a6b1f405ae093536f02dda3b90a36d36f180570,AllowanceHolder50c4e7:5981577,0xe0afa70daed24ec949499638683365cbe4cbf097a1c8417a730e4b497cfb4610,0x0be5794255d21df0f4a10a516428f8d06805779d69b1714297bebcc18971e0b4,0x50cFe7c1938dB66A1a6D2e86D36F39FBef3d5c4a,0x4c57cf418d2865efb93a3c31021f230798eaca0458d188fbb593e329718139ab,OpenRouter50cfe7:4030514,0x0e5ff42eb7810767de756c833a042818f95052b885634a3dc3adb679a4652f48,0xd1dbc2c8ca87939cadf58e4eb91832cbe44bd5d12e3a0a0d56c76928a818e26b,0x8A774c1B73998A54ff09341f3cfF8A0010BbA7f1,0xeb8d08957ffb6da6c84ab1f89e95f4e08331fa81834e21d00754af20ec74d453,BungeeReceiver,0x1e4cf28950cc422f6b2112db77b8c0b0025c176291f984166889b8157de9dfe6,0x3e3fdfa261d7f00f53c22b4ba051f0da1903402669591bcef63d51ebe3085108,0xC914815120FA5A7e05748398C9fDf1d1b2729008,0x7c3bbaa3e26afa737955bd8665389dae8745dd537430122c9545abb09f85e34b,CalldataExecutor,0x2ac2791e955dbd2e9787486e2a4a9ba669d27cb1b642ade54a1221a5ccd53b64,0x037de760dbd500210ed5c68706a16171ec415563c6136e52d6a9930a5f53e32a
9745,cancun,0x50c4E75a512F2A14A7b304787Adf79C4531A5909,0xa450483209637d11f92238066a6b1f405ae093536f02dda3b90a36d36f180570,AllowanceHolder50c4e7:5981577,0xe0afa70daed24ec949499638683365cbe4cbf097a1c8417a730e4b497cfb4610,0x0be5794255d21df0f4a10a516428f8d06805779d69b1714297bebcc18971e0b4,0x50cFe7c1938dB66A1a6D2e86D36F39FBef3d5c4a,0x4c57cf418d2865efb93a3c31021f230798eaca0458d188fbb593e329718139ab,OpenRouter50cfe7:4030514,0x0e5ff42eb7810767de756c833a042818f95052b885634a3dc3adb679a4652f48,0xd1dbc2c8ca87939cadf58e4eb91832cbe44bd5d12e3a0a0d56c76928a818e26b,0x8A774c1B73998A54ff09341f3cfF8A0010BbA7f1,0xeb8d08957ffb6da6c84ab1f89e95f4e08331fa81834e21d00754af20ec74d453,BungeeReceiver,0x1e4cf28950cc422f6b2112db77b8c0b0025c176291f984166889b8157de9dfe6,0x3e3fdfa261d7f00f53c22b4ba051f0da1903402669591bcef63d51ebe3085108,0xC914815120FA5A7e05748398C9fDf1d1b2729008,0x7c3bbaa3e26afa737955bd8665389dae8745dd537430122c9545abb09f85e34b,CalldataExecutor,0x2ac2791e955dbd2e9787486e2a4a9ba669d27cb1b642ade54a1221a5ccd53b64,0x037de760dbd500210ed5c68706a16171ec415563c6136e52d6a9930a5f53e32a
34443,cancun,0x50c4E75a512F2A14A7b304787Adf79C4531A5909,0xa450483209637d11f92238066a6b1f405ae093536f02dda3b90a36d36f180570,AllowanceHolder50c4e7:5981577,0xe0afa70daed24ec949499638683365cbe4cbf097a1c8417a730e4b497cfb4610,0x0be5794255d21df0f4a10a516428f8d06805779d69b1714297bebcc18971e0b4,0x50cFe7c1938dB66A1a6D2e86D36F39FBef3d5c4a,0x4c57cf418d2865efb93a3c31021f230798eaca0458d188fbb593e329718139ab,OpenRouter50cfe7:4030514,0x0e5ff42eb7810767de756c833a042818f95052b885634a3dc3adb679a4652f48,0xd1dbc2c8ca87939cadf58e4eb91832cbe44bd5d12e3a0a0d56c76928a818e26b,0x8A774c1B73998A54ff09341f3cfF8A0010BbA7f1,0xeb8d08957ffb6da6c84ab1f89e95f4e08331fa81834e21d00754af20ec74d453,BungeeReceiver,0x1e4cf28950cc422f6b2112db77b8c0b0025c176291f984166889b8157de9dfe6,0x3e3fdfa261d7f00f53c22b4ba051f0da1903402669591bcef63d51ebe3085108,0xC914815120FA5A7e05748398C9fDf1d1b2729008,0x7c3bbaa3e26afa737955bd8665389dae8745dd537430122c9545abb09f85e34b,CalldataExecutor,0x2ac2791e955dbd2e9787486e2a4a9ba669d27cb1b642ade54a1221a5ccd53b64,0x037de760dbd500210ed5c68706a16171ec415563c6136e52d6a9930a5f53e32a
42161,cancun,0x50c4E75a512F2A14A7b304787Adf79C4531A5909,0xa450483209637d11f92238066a6b1f405ae093536f02dda3b90a36d36f180570,AllowanceHolder50c4e7:5981577,0xe0afa70daed24ec949499638683365cbe4cbf097a1c8417a730e4b497cfb4610,0x0be5794255d21df0f4a10a516428f8d06805779d69b1714297bebcc18971e0b4,0x50cFe7c1938dB66A1a6D2e86D36F39FBef3d5c4a,0x4c57cf418d2865efb93a3c31021f230798eaca0458d188fbb593e329718139ab,OpenRouter50cfe7:4030514,0x0e5ff42eb7810767de756c833a042818f95052b885634a3dc3adb679a4652f48,0xd1dbc2c8ca87939cadf58e4eb91832cbe44bd5d12e3a0a0d56c76928a818e26b,0x8A774c1B73998A54ff09341f3cfF8A0010BbA7f1,0xeb8d08957ffb6da6c84ab1f89e95f4e08331fa81834e21d00754af20ec74d453,BungeeReceiver,0x1e4cf28950cc422f6b2112db77b8c0b0025c176291f984166889b8157de9dfe6,0x3e3fdfa261d7f00f53c22b4ba051f0da1903402669591bcef63d51ebe3085108,0xC914815120FA5A7e05748398C9fDf1d1b2729008,0x7c3bbaa3e26afa737955bd8665389dae8745dd537430122c9545abb09f85e34b,CalldataExecutor,0x2ac2791e955dbd2e9787486e2a4a9ba669d27cb1b642ade54a1221a5ccd53b64,0x037de760dbd500210ed5c68706a16171ec415563c6136e52d6a9930a5f53e32a
43114,cancun,0x50c4E75a512F2A14A7b304787Adf79C4531A5909,0xa450483209637d11f92238066a6b1f405ae093536f02dda3b90a36d36f180570,AllowanceHolder50c4e7:5981577,0xe0afa70daed24ec949499638683365cbe4cbf097a1c8417a730e4b497cfb4610,0x0be5794255d21df0f4a10a516428f8d06805779d69b1714297bebcc18971e0b4,0x50cFe7c1938dB66A1a6D2e86D36F39FBef3d5c4a,0x4c57cf418d2865efb93a3c31021f230798eaca0458d188fbb593e329718139ab,OpenRouter50cfe7:4030514,0x0e5ff42eb7810767de756c833a042818f95052b885634a3dc3adb679a4652f48,0xd1dbc2c8ca87939cadf58e4eb91832cbe44bd5d12e3a0a0d56c76928a818e26b,0x8A774c1B73998A54ff09341f3cfF8A0010BbA7f1,0xeb8d08957ffb6da6c84ab1f89e95f4e08331fa81834e21d00754af20ec74d453,BungeeReceiver,0x1e4cf28950cc422f6b2112db77b8c0b0025c176291f984166889b8157de9dfe6,0x3e3fdfa261d7f00f53c22b4ba051f0da1903402669591bcef63d51ebe3085108,0xC914815120FA5A7e05748398C9fDf1d1b2729008,0x7c3bbaa3e26afa737955bd8665389dae8745dd537430122c9545abb09f85e34b,CalldataExecutor,0x2ac2791e955dbd2e9787486e2a4a9ba669d27cb1b642ade54a1221a5ccd53b64,0x037de760dbd500210ed5c68706a16171ec415563c6136e52d6a9930a5f53e32a
57073,cancun,0x50c4E75a512F2A14A7b304787Adf79C4531A5909,0xa450483209637d11f92238066a6b1f405ae093536f02dda3b90a36d36f180570,AllowanceHolder50c4e7:5981577,0xe0afa70daed24ec949499638683365cbe4cbf097a1c8417a730e4b497cfb4610,0x0be5794255d21df0f4a10a516428f8d06805779d69b1714297bebcc18971e0b4,0x50cFe7c1938dB66A1a6D2e86D36F39FBef3d5c4a,0x4c57cf418d2865efb93a3c31021f230798eaca0458d188fbb593e329718139ab,OpenRouter50cfe7:4030514,0x0e5ff42eb7810767de756c833a042818f95052b885634a3dc3adb679a4652f48,0xd1dbc2c8ca87939cadf58e4eb91832cbe44bd5d12e3a0a0d56c76928a818e26b,0x8A774c1B73998A54ff09341f3cfF8A0010BbA7f1,0xeb8d08957ffb6da6c84ab1f89e95f4e08331fa81834e21d00754af20ec74d453,BungeeReceiver,0x1e4cf28950cc422f6b2112db77b8c0b0025c176291f984166889b8157de9dfe6,0x3e3fdfa261d7f00f53c22b4ba051f0da1903402669591bcef63d51ebe3085108,0xC914815120FA5A7e05748398C9fDf1d1b2729008,0x7c3bbaa3e26afa737955bd8665389dae8745dd537430122c9545abb09f85e34b,CalldataExecutor,0x2ac2791e955dbd2e9787486e2a4a9ba669d27cb1b642ade54a1221a5ccd53b64,0x037de760dbd500210ed5c68706a16171ec415563c6136e52d6a9930a5f53e32a
59144,cancun,0x50c4E75a512F2A14A7b304787Adf79C4531A5909,0xa450483209637d11f92238066a6b1f405ae093536f02dda3b90a36d36f180570,AllowanceHolder50c4e7:5981577,0xe0afa70daed24ec949499638683365cbe4cbf097a1c8417a730e4b497cfb4610,0x0be5794255d21df0f4a10a516428f8d06805779d69b1714297bebcc18971e0b4,0x50cFe7c1938dB66A1a6D2e86D36F39FBef3d5c4a,0x4c57cf418d2865efb93a3c31021f230798eaca0458d188fbb593e329718139ab,OpenRouter50cfe7:4030514,0x0e5ff42eb7810767de756c833a042818f95052b885634a3dc3adb679a4652f48,0xd1dbc2c8ca87939cadf58e4eb91832cbe44bd5d12e3a0a0d56c76928a818e26b,0x8A774c1B73998A54ff09341f3cfF8A0010BbA7f1,0xeb8d08957ffb6da6c84ab1f89e95f4e08331fa81834e21d00754af20ec74d453,BungeeReceiver,0x1e4cf28950cc422f6b2112db77b8c0b0025c176291f984166889b8157de9dfe6,0x3e3fdfa261d7f00f53c22b4ba051f0da1903402669591bcef63d51ebe3085108,0xC914815120FA5A7e05748398C9fDf1d1b2729008,0x7c3bbaa3e26afa737955bd8665389dae8745dd537430122c9545abb09f85e34b,CalldataExecutor,0x2ac2791e955dbd2e9787486e2a4a9ba669d27cb1b642ade54a1221a5ccd53b64,0x037de760dbd500210ed5c68706a16171ec415563c6136e52d6a9930a5f53e32a
80094,cancun,0x50c4E75a512F2A14A7b304787Adf79C4531A5909,0xa450483209637d11f92238066a6b1f405ae093536f02dda3b90a36d36f180570,AllowanceHolder50c4e7:5981577,0xe0afa70daed24ec949499638683365cbe4cbf097a1c8417a730e4b497cfb4610,0x0be5794255d21df0f4a10a516428f8d06805779d69b1714297bebcc18971e0b4,0x50cFe7c1938dB66A1a6D2e86D36F39FBef3d5c4a,0x4c57cf418d2865efb93a3c31021f230798eaca0458d188fbb593e329718139ab,OpenRouter50cfe7:4030514,0x0e5ff42eb7810767de756c833a042818f95052b885634a3dc3adb679a4652f48,0xd1dbc2c8ca87939cadf58e4eb91832cbe44bd5d12e3a0a0d56c76928a818e26b,0x8A774c1B73998A54ff09341f3cfF8A0010BbA7f1,0xeb8d08957ffb6da6c84ab1f89e95f4e08331fa81834e21d00754af20ec74d453,BungeeReceiver,0x1e4cf28950cc422f6b2112db77b8c0b0025c176291f984166889b8157de9dfe6,0x3e3fdfa261d7f00f53c22b4ba051f0da1903402669591bcef63d51ebe3085108,0xC914815120FA5A7e05748398C9fDf1d1b2729008,0x7c3bbaa3e26afa737955bd8665389dae8745dd537430122c9545abb09f85e34b,CalldataExecutor,0x2ac2791e955dbd2e9787486e2a4a9ba669d27cb1b642ade54a1221a5ccd53b64,0x037de760dbd500210ed5c68706a16171ec415563c6136e52d6a9930a5f53e32a
81457,cancun,0x50c4E75a512F2A14A7b304787Adf79C4531A5909,0xa450483209637d11f92238066a6b1f405ae093536f02dda3b90a36d36f180570,AllowanceHolder50c4e7:5981577,0xe0afa70daed24ec949499638683365cbe4cbf097a1c8417a730e4b497cfb4610,0x0be5794255d21df0f4a10a516428f8d06805779d69b1714297bebcc18971e0b4,0x50cFe7c1938dB66A1a6D2e86D36F39FBef3d5c4a,0x4c57cf418d2865efb93a3c31021f230798eaca0458d188fbb593e329718139ab,OpenRouter50cfe7:4030514,0x0e5ff42eb7810767de756c833a042818f95052b885634a3dc3adb679a4652f48,0xd1dbc2c8ca87939cadf58e4eb91832cbe44bd5d12e3a0a0d56c76928a818e26b,0x8A774c1B73998A54ff09341f3cfF8A0010BbA7f1,0xeb8d08957ffb6da6c84ab1f89e95f4e08331fa81834e21d00754af20ec74d453,BungeeReceiver,0x1e4cf28950cc422f6b2112db77b8c0b0025c176291f984166889b8157de9dfe6,0x3e3fdfa261d7f00f53c22b4ba051f0da1903402669591bcef63d51ebe3085108,0xC914815120FA5A7e05748398C9fDf1d1b2729008,0x7c3bbaa3e26afa737955bd8665389dae8745dd537430122c9545abb09f85e34b,CalldataExecutor,0x2ac2791e955dbd2e9787486e2a4a9ba669d27cb1b642ade54a1221a5ccd53b64,0x037de760dbd500210ed5c68706a16171ec415563c6136e52d6a9930a5f53e32a
98866,cancun,0x50c4E75a512F2A14A7b304787Adf79C4531A5909,0xa450483209637d11f92238066a6b1f405ae093536f02dda3b90a36d36f180570,AllowanceHolder50c4e7:5981577,0xe0afa70daed24ec949499638683365cbe4cbf097a1c8417a730e4b497cfb4610,0x0be5794255d21df0f4a10a516428f8d06805779d69b1714297bebcc18971e0b4,0x50cFe7c1938dB66A1a6D2e86D36F39FBef3d5c4a,0x4c57cf418d2865efb93a3c31021f230798eaca0458d188fbb593e329718139ab,OpenRouter50cfe7:4030514,0x0e5ff42eb7810767de756c833a042818f95052b885634a3dc3adb679a4652f48,0xd1dbc2c8ca87939cadf58e4eb91832cbe44bd5d12e3a0a0d56c76928a818e26b,0x8A774c1B73998A54ff09341f3cfF8A0010BbA7f1,0xeb8d08957ffb6da6c84ab1f89e95f4e08331fa81834e21d00754af20ec74d453,BungeeReceiver,0x1e4cf28950cc422f6b2112db77b8c0b0025c176291f984166889b8157de9dfe6,0x3e3fdfa261d7f00f53c22b4ba051f0da1903402669591bcef63d51ebe3085108,0xC914815120FA5A7e05748398C9fDf1d1b2729008,0x7c3bbaa3e26afa737955bd8665389dae8745dd537430122c9545abb09f85e34b,CalldataExecutor,0x2ac2791e955dbd2e9787486e2a4a9ba669d27cb1b642ade54a1221a5ccd53b64,0x037de760dbd500210ed5c68706a16171ec415563c6136e52d6a9930a5f53e32a
534352,cancun,0x50c4E75a512F2A14A7b304787Adf79C4531A5909,0xa450483209637d11f92238066a6b1f405ae093536f02dda3b90a36d36f180570,AllowanceHolder50c4e7:5981577,0xe0afa70daed24ec949499638683365cbe4cbf097a1c8417a730e4b497cfb4610,0x0be5794255d21df0f4a10a516428f8d06805779d69b1714297bebcc18971e0b4,0x50cFe7c1938dB66A1a6D2e86D36F39FBef3d5c4a,0x4c57cf418d2865efb93a3c31021f230798eaca0458d188fbb593e329718139ab,OpenRouter50cfe7:4030514,0x0e5ff42eb7810767de756c833a042818f95052b885634a3dc3adb679a4652f48,0xd1dbc2c8ca87939cadf58e4eb91832cbe44bd5d12e3a0a0d56c76928a818e26b,0x8A774c1B73998A54ff09341f3cfF8A0010BbA7f1,0xeb8d08957ffb6da6c84ab1f89e95f4e08331fa81834e21d00754af20ec74d453,BungeeReceiver,0x1e4cf28950cc422f6b2112db77b8c0b0025c176291f984166889b8157de9dfe6,0x3e3fdfa261d7f00f53c22b4ba051f0da1903402669591bcef63d51ebe3085108,0xC914815120FA5A7e05748398C9fDf1d1b2729008,0x7c3bbaa3e26afa737955bd8665389dae8745dd537430122c9545abb09f85e34b,CalldataExecutor,0x2ac2791e955dbd2e9787486e2a4a9ba669d27cb1b642ade54a1221a5ccd53b64,0x037de760dbd500210ed5c68706a16171ec415563c6136e52d6a9930a5f53e32a
747474,cancun,0x50c4E75a512F2A14A7b304787Adf79C4531A5909,0xa450483209637d11f92238066a6b1f405ae093536f02dda3b90a36d36f180570,AllowanceHolder50c4e7:5981577,0xe0afa70daed24ec949499638683365cbe4cbf097a1c8417a730e4b497cfb4610,0x0be5794255d21df0f4a10a516428f8d06805779d69b1714297bebcc18971e0b4,0x50cFe7c1938dB66A1a6D2e86D36F39FBef3d5c4a,0x4c57cf418d2865efb93a3c31021f230798eaca0458d188fbb593e329718139ab,OpenRouter50cfe7:4030514,0x0e5ff42eb7810767de756c833a042818f95052b885634a3dc3adb679a4652f48,0xd1dbc2c8ca87939cadf58e4eb91832cbe44bd5d12e3a0a0d56c76928a818e26b,0x8A774c1B73998A54ff09341f3cfF8A0010BbA7f1,0xeb8d08957ffb6da6c84ab1f89e95f4e08331fa81834e21d00754af20ec74d453,BungeeReceiver,0x1e4cf28950cc422f6b2112db77b8c0b0025c176291f984166889b8157de9dfe6,0x3e3fdfa261d7f00f53c22b4ba051f0da1903402669591bcef63d51ebe3085108,0xC914815120FA5A7e05748398C9fDf1d1b2729008,0x7c3bbaa3e26afa737955bd8665389dae8745dd537430122c9545abb09f85e34b,CalldataExecutor,0x2ac2791e955dbd2e9787486e2a4a9ba669d27cb1b642ade54a1221a5ccd53b64,0x037de760dbd500210ed5c68706a16171ec415563c6136e52d6a9930a5f53e32a
